<?xml version="1.0"?>
<document>
   <properties>
      <title>Downloads</title>
      <author email="commons-dev@jakarta.apache.org">Commons Documentation Team</author>
      <revision>$Id: downloads.xml 155451 2005-02-26 13:22:47Z dirkv $</revision>
   </properties>

   <body>
      <section name="Releases">
         <p>There are no releases available.</p>

<!--
         <p>The following releases are available:</p>
         <ul>
           <li>Version 1.1 - 20 October 2003</li>
           <li>Version 1.0 - 12 August 2002</li>
         </ul>
         <br/>
         <p>
            The latest binary release is always available on the 
            <a href="http://jakarta.apache.org/site/binindex.cgi#commons-javaflow">
            Jakarta Binary Downloads page</a>,
            its source is available from 
            <a href="http://jakarta.apache.org/site/sourceindex.cgi#commons-javaflow">
            Jakarta Source Downloads page</a>.
         </p>
         <p>
            Older releases are retained by the Apache Software Foundation but are 
            moved into a
            <a href="http://archive.apache.org/dist/jakarta/commons/javaflow/">
            special archive area</a>.
         </p>
         <p>
           <a href="http://cvs.apache.org/builds/jakarta-commons/nightly/commons-javaflow/">
           Nightly source and binary drops</a> are available.
         </p>
-->
         <p>
            Access to the source tree to see the latest and greatest code is possible
            through <a href="cvs-usage.html">anonymous SVN access</a>.
         </p>
      </section>

<!--
      <section name="Release Candidate">
         <p>
            Release candidates for the upcoming 1.1 release can be downloaded 
            <a href="http://cvs.apache.org/~dirkv/builds/">here</a>.
         </p>
         <p>
            Please review and report any problem on the 
            <a href="mail-lists.html">mailing list</a>.
         </p>
         <p>
            Final release target is 20 October 2003. 
         </p>
      </section>
-->
   </body>
</document>
