<?xml version="1.0" encoding="ISO-8859-1"?>
<!DOCTYPE org.apache.commons.menus SYSTEM '../../commons-build/menus/menus.dtd'>
<project name="Commons&#xA0;JCI">
    <title>Commons&#xA0;Javaflow</title>
    <body>
        <menu name="Commons&#xA0;Javaflow">
            <item name="Overview"                      href="/index.html" />
            <item name="Downloads"                     href="/downloads.html"/>
            <item name="Tutorial"                      href="/tutorial.html" />
            <item name="API&#xA0;Documentation"        href="/apidocs/index.html"/>
            <item name="Ant Task"                      href="/antTask.html" />
        </menu>
        &common-menus;
    </body>
</project>
