<?xml version="1.0"?>
<project
  xmlns:j="jelly:core"
  xmlns:util="jelly:util"
  xmlns:ant="jelly:ant"
  >

<!--
  <postGoal name="test:compile">

    <ant:path id="rewrite.classpath">
      <ant:path refid="maven.dependency.classpath"/>
      <ant:pathelement path="${maven.build.dest}"/>
    </ant:path>

    <ant:taskdef name="rewrite"
                 classname="org.apache.commons.javaflow.ant.AntRewriteTask"
                 classpathref="rewrite.classpath"
                 />

    <rewrite srcDir="target/test-classes" dstDir="target/test-classes"
        mode="${test.transformer}">
      <include name="org/apache/commons/javaflow/bytecode/transformation/asm/data/**"/>
      <include name="org/apache/commons/javaflow/flow/**"/>
    </rewrite>

  </postGoal>
-->          

</project>


