<?xml version="1.0" encoding="UTF-8"?>
<!--
   Copyright 2002-2004 The Apache Software Foundation

   Licensed under the Apache License, Version 2.0 (the "License");
   you may not use this file except in compliance with the License.
   You may obtain a copy of the License at

       http://www.apache.org/licenses/LICENSE-2.0

   Unless required by applicable law or agreed to in writing, software
   distributed under the License is distributed on an "AS IS" BASIS,
   WITHOUT WARRANTIES OR CONDITIONS OF ANY KIND, either express or implied.
   See the License for the specific language governing permissions and
   limitations under the License.
-->

<project>
  <pomVersion>3</pomVersion>

  <name>Javaflow</name>
  <groupId>commons-javaflow</groupId>
  <artifactId>commons-javaflow</artifactId>
  <currentVersion>1.0-SNAPSHOT</currentVersion>
  <inceptionYear>2004</inceptionYear>
  <shortDescription>Commons Javaflow</shortDescription>
  <description>Commons Javaflow</description>
  <logo>/images/javaflow-logo-white.png</logo>

  <url>http://jakarta.apache.org/commons/sandbox/${pom.artifactId.substring(8)}/</url>
  <package>org.apache.commons.${pom.artifactId.substring(8)}</package>

  <organization>
    <name>The Apache Software Foundation</name>
    <url>http://jakarta.apache.org</url>
    <logo>http://jakarta.apache.org/images/original-jakarta-logo.gif</logo>
  </organization>

  <licenses>
    <license>
    <name>The Apache Software License, Version 2.0</name>
    <url>/LICENSE.txt</url>
    <distribution>repo</distribution>
    </license>
  </licenses>
  
  <gumpRepositoryId>jakarta</gumpRepositoryId>
  <issueTrackingUrl>http://issues.apache.org/bugzilla/</issueTrackingUrl>
  <siteAddress>jakarta.apache.org</siteAddress>
  <siteDirectory>/www/jakarta.apache.org/commons/sandbox/${pom.artifactId.substring(8)}/</siteDirectory>
  <distributionDirectory>/www/jakarta.apache.org/builds/jakarta-commons/${pom.artifactId.substring(8)}/</distributionDirectory>

  <repository>
    <connection>scm:svn:http://svn.apache.org/repos/asf/jakarta/commons/sandbox/${pom.artifactId.substring(8)}/trunk</connection>
    <url>http://svn.apache.org/repos/asf</url>
  </repository> 

  <mailingLists>
    <mailingList>
      <name>Commons Dev List</name>
      <subscribe>commons-dev-subscribe@jakarta.apache.org</subscribe>
      <unsubscribe>commons-dev-unsubscribe@jakarta.apache.org</unsubscribe>
      <archive>http://mail-archives.apache.org/eyebrowse/SummarizeList?listName=commons-dev@jakarta.apache.org</archive>
    </mailingList>
    <mailingList>
      <name>Commons User List</name>
      <subscribe>commons-user-subscribe@jakarta.apache.org</subscribe>
      <unsubscribe>commons-user-unsubscribe@jakarta.apache.org</unsubscribe>
      <archive>http://mail-archives.apache.org/eyebrowse/SummarizeList?listName=commons-user@jakarta.apache.org</archive>
    </mailingList>
  </mailingLists>

  <versions>
  </versions>

  <developers>
    <developer>
      <name>Torsten Curdt</name>
      <id>tcurdt</id>
      <email>tcurdt at apache.org</email>
    </developer>
    <developer>
      <name>Kohsuke Kawaguchi</name>
      <id>kohsuke</id>
      <email>kohsuke at apache.org</email>
    </developer>
    <developer>
      <name>Martin Cooper</name>
      <id>martinc</id>
      <email>martinc@apache.org</email>
      <organization>Informatica</organization>
    </developer>
  </developers>

  <contributors>
    <contributor>
      <name>Eugene Kuleshov</name>
      <email>eu at javatx.org</email>
    </contributor>
  </contributors>

  <dependencies>
   <dependency> 
     <groupId>maven</groupId> 
     <artifactId>maven-xdoc-plugin</artifactId> 
     <version>1.9.2</version> 
     <url>http://maven.apache.org/reference/plugins/xdoc</url> 
     <type>plugin</type> 
   </dependency>
 
    <dependency>
      <groupId>commons-logging</groupId>
      <artifactId>commons-logging</artifactId>
      <version>1.0.4</version>
    </dependency>
    <dependency>
      <groupId>commons-logging</groupId>
      <artifactId>commons-logging-api</artifactId>
      <version>1.0.4</version>
    </dependency>
    <dependency>
      <groupId>bcel</groupId>
      <artifactId>bcel</artifactId>
      <version>20050813</version>
      <jar>${basedir}/lib/jakarta-bcel-20050813.jar</jar>
      <type>jar</type>
    </dependency>
    <dependency>
      <groupId>commons-jci</groupId>
      <artifactId>commons-jci</artifactId>
      <version>r291284</version>
      <jar>${basedir}/lib/commons-jci-r291284.jar</jar>
      <type>jar</type>
    </dependency>
    <dependency>
      <groupId>asm</groupId>
      <artifactId>asm-all</artifactId>
      <version>2.2.1</version>
      <jar>${basedir}/lib/asm-all-2.2.1.jar</jar>
      <type>jar</type>
    </dependency>
    <!-- tool time dependency -->
    <dependency>
      <groupId>commons-io</groupId>
      <artifactId>commons-io</artifactId>
      <version>1.1</version>
    </dependency>
    <dependency>
      <groupId>ant</groupId>
      <artifactId>ant</artifactId>
      <version>1.5.3-1</version>
    </dependency>
    <!-- test dependency -->
    <dependency>
      <groupId>junit</groupId>
      <artifactId>junit</artifactId>
      <version>3.8.1</version>
    </dependency>
    <dependency>
      <groupId>junit-addons</groupId>
      <artifactId>junit-addons</artifactId>
      <version>1.4</version>
    </dependency>
    <dependency>
      <groupId>xstream</groupId>
      <artifactId>xstream</artifactId>
      <version>1.1</version>
    </dependency>
  </dependencies>

  <build>
    <nagEmailAddress>commons-dev@jakarta.apache.org</nagEmailAddress>
    <sourceDirectory>src/java</sourceDirectory>
    <unitTestSourceDirectory>src/test</unitTestSourceDirectory>
    <unitTest>
      <includes>
        <include>**/*TestCase.java</include>
      </includes>
      <excludes>
        <exclude>**/Abstract*TestCase.java</exclude>
      </excludes>
    </unitTest>
    <resources>
      <resource>
        <directory>src/java</directory>
        <includes>
          <include>**/*.properties</include>
        </includes>
      </resource>
    </resources>
  </build>

  <reports>
    <report>maven-license-plugin</report>
    <report>maven-changelog-plugin</report>
    <report>maven-changes-plugin</report>
    <report>maven-developer-activity-plugin</report>
    <report>maven-file-activity-plugin</report>
    <report>maven-javadoc-plugin</report>
    <report>maven-junit-report-plugin</report>
<!--
    <report>maven-jcoverage-plugin</report>
-->
    <report>maven-jxr-plugin</report>
    <report>maven-linkcheck-plugin</report>
  </reports>
</project>

